United States of America,AL,A.T. Still University Kirksville College of Osteopathic Medicine,Kirksville
United States of America,AZ,A.T. Still University School of Osteopathic Medicine in Arizona,Mesa
United States of America,AL,Alabama College of Osteopathic Medicine,Dothan
United States of America,NY,Albany Medical College,Albany
United States of America,NY,Albert Einstein College of Medicine,Bronx
United States of America,AR,Arkansas College of Osteopathic Medicine,Fort Smith
United States of America,TX,Baylor College of Medicine,Houston
United States of America,MA,Boston University Chobanian & Avedisian School of Medicine,Boston
United States of America,NC,Brody School of Medicine at East Carolina University,Greenville
United States of America,NM,Burrell College of Osteopathic Medicine at New Mexico State University,Las Cruces
United States of America,CA,California Health Sciences University College of Osteopathic Medicine,Clovis
United States of America,CA,California Northstate University College of Medicine,Elk Grove
United States of America,CA,California University of Science and Medicine School of Medicine,San Bernardino
United States of America,NC,Campbell University Jerry M. Wallace School of Osteopathic Medicine,Lillington
United States of America,IL,"Carle Illinois College of Medicine, University of Illinois Urbana-Champaign",Champaign
United States of America,OH,Case Western Reserve University School of Medicine,Cleveland
United States of America,MI,Central Michigan University College of Medicine,Mount Pleasant
United States of America,FL,Charles E. Schmidt College of Medicine at Florida Atlantic University,Boca Raton
United States of America,IL,"Chicago Medical School, Rosalind Franklin University of Medicine & Science",North Chicago
United States of America,NY,Columbia University Vagelos College of Physicians and Surgeons,New York
United States of America,NJ,Cooper Medical School of Rowan University,Camden
United States of America,NE,Creighton University School of Medicine,Omaha
United States of America,NY,CUNY School of Medicine,New York
United States of America,CA,David Geffen School of Medicine at UCLA,Los Angeles
United States of America,TX,Dell Medical School at the University of Texas at Austin,Austin
United States of America,IA,Des Moines University College of Osteopathic Medicine,Des Moines
United States of America,NY,Donald and Barbara Zucker School of Medicine at Hofstra/Northwell,Hempstead
United States of America,PA,Drexel University College of Medicine,Philadelphia
United States of America,NC,Duke University School of Medicine,Durham
United States of America,VA,Eastern Virginia Medical School,Norfolk
United States of America,AL,Edward Via College of Osteopathic Medicine Auburn,Auburn
United States of America,SC,Edward Via College of Osteopathic Medicine Carolinas,Spartanburg
United States of America,LA,Edward Via College of Osteopathic Medicine Louisiana,Monroe
United States of America,VA,Edward Via College of Osteopathic Medicine Virginia,Blacksburg
United States of America,WA,"Elson S. Floyd College of Medicine, Washington State University",Spokane
United States of America,GA,Emory University School of Medicine,Atlanta
United States of America,PR,Escuela de Medicina San Juan Bautista,Caguas
United States of America,MD,"F. Edward Hébert School of Medicine, Uniformed Services University of the Health Sciences",Bethesda
United States of America,FL,FIU Herbert Wertheim College of Medicine,Miami
United States of America,FL,Florida State University College of Medicine,Tallahassee
United States of America,CT,Frank H. Netter MD School of Medicine at Quinnipiac University,North Haven
United States of America,NH,Geisel School of Medicine at Dartmouth,Hanover
United States of America,PA,Geisinger Commonwealth School of Medicine,Scranton
United States of America,DC,George Washington University School of Medicine and Health Sciences,Washington
United States of America,DC,Georgetown University School of Medicine,Washington
United States of America,NJ,Hackensack Meridian School of Medicine,Nutley
United States of America,PA,Hahnemann University School of Medicine,Philadelphia
United States of America,MA,Harvard Medical School,Boston
United States of America,DC,Howard University College of Medicine,Washington
United States of America,NY,Icahn School of Medicine at Mount Sinai,New York
United States of America,ID,Idaho College of Osteopathic Medicine,Meridian
United States of America,IN,Indiana University School of Medicine,Indianapolis
United States of America,NY,"Jacobs School of Medicine and Biomedical Sciences, University at Buffalo",Buffalo
United States of America,WV,Joan C. Edwards School of Medicine at Marshall University,Huntington
United States of America,HI,"John A. Burns School of Medicine, University of Hawaii at Manoa",Honolulu
United States of America,MD,Johns Hopkins University School of Medicine,Baltimore
United States of America,CA,Kaiser Permanente Bernard J. Tyson School of Medicine,Pasadena
United States of America,MO,Kansas City University College of Osteopathic Medicine,Kansas City
United States of America,MO,"Kansas City University College Osteopathic Medicine, Joplin",Joplin
United States of America,CA,Keck School of Medicine of the University of Southern California,Los Angeles
United States of America,NV,Kirk Kerkorian School of Medicine at UNLV,Las Vegas
United States of America,FL,Lake Erie College of Osteopathic Medicine - Bradenton,Bradenton
United States of America,NY,Lake Erie College of Osteopathic Medicine - Elmira,Elmira
United States of America,PA,Lake Erie College of Osteopathic Medicine - Erie,Erie
United States of America,PA,Lake Erie College of Osteopathic Medicine - Seton Hill,Greensburg
United States of America,PA,Lewis Katz School of Medicine at Temple University,Philadelphia
United States of America,VA,Liberty University College of Osteopathic Medicine,Lynchburg
United States of America,TN,Lincoln Memorial University DeBusk College of Osteopathic Medicine,Harrogate
United States of America,CA,Loma Linda University School of Medicine,Loma Linda
United States of America,LA,Louisiana State University School of Medicine in New Orleans,New Orleans
United States of America,LA,Louisiana State University School of Medicine in Shreveport,Shreveport
United States of America,IN,Marian University College of Osteopathic Medicine,Indianapolis
United States of America,MN,Mayo Clinic Alix School of Medicine,Rochester
United States of America,TX,McGovern Medical School at The University of Texas Health Science Center at Houston,Houston
United States of America,GA,Medical College of Georgia,Augusta
United States of America,PA,Medical College of Pennsylvania,Philadelphia
United States of America,WI,Medical College of Wisconsin,Milwaukee
United States of America,SC,Medical University of South Carolina,Charleston
United States of America,TN,Meharry Medical College School of Medicine,Nashville
United States of America,GA,Mercer University School of Medicine,Macon
United States of America,MI,Michigan State University College of Human Medicine,East Lansing
United States of America,MI,Michigan State University College of Osteopathic Medicine,East Lansing
United States of America,MI,"Michigan State University College of Osteopathic Medicine, Detroit Medical Center",Detroit
United States of America,MI,"Michigan State University College of Osteopathic Medicine, Macomb University Center",Clinton Township
United States of America,AZ,Midwestern University Arizona College of Osteopathic Medicine,Glendale
United States of America,IL,Midwestern University Chicago College of Osteopathic Medicine,Downers Grove
United States of America,GA,Morehouse School of Medicine,Atlanta
United States of America,NY,New York Institute of Technology College of Osteopathic Medicine,Old Westbury
United States of America,AR,"New York Institute of Technology College of Osteopathic Medicine, Arkansas State",State Univeristy
United States of America,NY,New York Medical College,Valhalla
United States of America,UT,Noorda College of Osteopathic Medicine,Provo
United States of America,OH,Northeast Ohio Medical University (NEOMED),Rootstown
United States of America,IL,Northwestern University Feinberg School of Medicine,Chicago
United States of America,FL,Nova Southeastern University Dr. Kiran C. Patel College of Allopathic Medicine,Fort Lauderdale
United States of America,FL,Nova Southeastern University Dr. Kiran C. Patel College of Osteopathic Medicine Fort Lauderdale,Fort Lauderdale
United States of America,NY,NYU Grossman Long Island School of Medicine,Mineola
United States of America,NY,NYU Grossman School of Medicine,New York
United States of America,MI,Oakland University William Beaumont School of Medicine,Rochester
United States of America,OH,Ohio University Heritage College of Osteopathic Medicine Athens,Athens
United States of America,OH,"Ohio University Heritage College of Osteopathic Medicine, Cleveland",Warrensville Heights
United States of America,OH,"Ohio University Heritage College of Osteopathic Medicine, Dublin",Dublin
United States of America,OK,Oklahoma State University Center for Health Sciences College of Osteopathic Medicine,Tulsa
United States of America,OK,"Oklahoma State University College of Osteopathic Medicine, Cherokee Nation",Tahlequah
United States of America,OR,Oregon Health and Science University School of Medicine,Portland
United States of America,FL,Orlando College of Osteopathic Medicine,Winter Garden
United States of America,WA,Pacific Northwest University of Health Sciences College of Osteopathic Medicine,Yakima
United States of America,TX,"Paul L. Foster School of Medicine, Texas Tech University",El Paso
United States of America,PA,Penn State University College of Medicine,Hershey
United States of America,PA,Perelman School of Medicine at University of Pennsylvania,Philadelphia
United States of America,PA,Philadelphia College of Osteopathic Medicine,Philadelphia
United States of America,GA,"Philadelphia College of Osteopathic Medicine, Georgia Campus",Suwanee
United States of America,GA,"Philadelphia College of Osteopathic Medicine, Moultrie",Moultrie
United States of America,PR,Ponce Health Sciences University School of Medicine,Ponce
United States of America,TN,"Quillen College of Medicine, East Tennessee State University",Johnson City
United States of America,NY,Renaissance School of Medicine at Stony Brook University,Stony Brook
United States of America,CO,"Rocky Vista University College of Osteopathic Medicine, Colorado",Parker
United States of America,UT,"Rocky Vista University College of Osteopathic Medicine, Southern Utah",Ivins
United States of America,NJ,Rowan-Virtua School of Osteopathic Medicine,Stratford
United States of America,IL,Rush Medical College of Rush University,Chicago
United States of America,NJ,Rutgers New Jersey Medical School,Newark
United States of America,NJ,Rutgers Robert Wood Johnson Medical School,Piscataway
United States of America,MO,Saint Louis University School of Medicine,St. Louis
United States of America,TX,Sam Houston State University College of Osteopathic Medicine,Conroe
United States of America,SD,Sanford School of Medicine of the University of South Dakota,Sioux Falls
United States of America,PA,Sidney Kimmel Medical College at Thomas Jefferson University,Philadelphia
United States of America,IL,Southern Illinois University School of Medicine,Springfield
United States of America,CA,Stanford School of Medicine,Stanford
United States of America,IL,"Stritch School of Medicine, Loyola University of Chicago",Maywood
United States of America,NY,SUNY Downstate Medical Center College of Medicine,Brooklyn
United States of America,NY,SUNY Upstate Medical University Alan and Marlene Norton College of Medicine,Syracuse
United States of America,TX,TCU Burnett School of Medicine,Fort Worth
United States of America,TX,Texas A&M University School of Medicine,Bryan
United States of America,TX,Texas Tech University Health Sciences Center School of Medicine,Lubbock
United States of America,OH,The Ohio State University College of Medicine,Columbus
United States of America,TX,"Tilman J. Fertitta Family College of Medicine, University of Houston",Houston
United States of America,NY,Touro College of Osteopathic Medicine,New York
United States of America,MT,"Touro College of Osteopathic Medicine, Great Falls",Great Falls
United States of America,CA,"Touro University College of Osteopathic Medicine, California",Vallejo
United States of America,NV,Touro University Nevada College of Osteopathic Medicine,Henderson
United States of America,MA,Tufts University School of Medicine,Boston
United States of America,LA,Tulane University School of Medicine,New Orleans
United States of America,CA,UC Davis School of Medicine,Sacramento
United States of America,CA,UC Riverside School of Medicine,Riverside
United States of America,CA,UC San Diego School of Medicine,La Jolla
United States of America,MA,UMass Chan Medical School,Worcester
United States of America,PR,Universidad Central del Caribe School of Medicine,Bayamon
United States of America,AL,University of Alabama Heersink School of Medicine,Birmingham
United States of America,AZ,University of Arizona College of Medicine Phoenix,Phoenix
United States of America,AZ,University of Arizona College of Medicine Tucson,Tucson
United States of America,AR,University of Arkansas for Medical Sciences College of Medicine,Little Rock
United States of America,CA,"University of California, Irvine, School of Medicine",Irvine
United States of America,CA,"University of California, San Francisco, School of Medicine",San Francisco
United States of America,FL,University of Central Florida College of Medicine,Orlando
United States of America,IL,University of Chicago Pritzker School of Medicine,Chicago
United States of America,OH,University of Cincinnati College of Medicine,Cincinnati
United States of America,CO,University of Colorado School of Medicine,Aurora
United States of America,CT,University of Connecticut School of Medicine,Farmington
United States of America,FL,University of Florida College of Medicine,Gainesville
United States of America,IL,University of Illinois College of Medicine,Chicago
United States of America,IA,University of Iowa Carver College of Medicine,Iowa City
United States of America,KS,University of Kansas School of Medicine,Kansas City
United States of America,KY,University of Kentucky College of Medicine,Lexington
United States of America,KY,University of Louisville School of Medicine,Louisville
United States of America,MD,University of Maryland School of Medicine,Baltimore
United States of America,FL,University of Miami Miller School of Medicine,Miami
United States of America,MI,University of Michigan Medical School,Ann Arbor
United States of America,MN,University of Minnesota Medical School,Minneapolis
United States of America,MS,University of Mississippi School of Medicine,Jackson
United States of America,MO,University of Missouri Kansas City School of Medicine,Kansas City
United States of America,MO,University of Missouri School of Medicine,Columbia
United States of America,NE,University of Nebraska College of Medicine,Omaha
United States of America,NV,University of Nevada School of Medicine,Reno
United States of America,ME,University of New England College of Osteopathic Medicine,Biddeford
United States of America,NM,University of New Mexico School of Medicine,Albuquerque
United States of America,NC,University of North Carolina School of Medicine,Chapel Hill
United States of America,ND,University of North Dakota School of Medicine and Health Sciences,Grand Forks
United States of America,TX,University of North Texas Health Science Center Texas College of Osteopathic Medicine,Fort Worth
United States of America,OK,University of Oklahoma College of Medicine,Oklahoma City
United States of America,KY,University of Pikeville Kentucky College of Osteopathic Medicine,Pikeville
United States of America,PA,University of Pittsburgh School of Medicine,Pittsburgh
United States of America,PR,University of Puerto Rico School of Medicine,San Juan
United States of America,NY,University of Rochester School of Medicine and Dentistry,Rochester
United States of America,AL,University of South Alabama Frederick P. Whiddon College of Medicine,Mobile
United States of America,SC,University of South Carolina School of Medicine,Columbia
United States of America,SC,University of South Carolina School of Medicine Greenville,Greenville
United States of America,TN,University of Tennessee Health Science Center College of Medicine,Memphis
United States of America,TX,University of Texas Medical Branch School of Medicine,Galveston
United States of America,TX,University of Texas Medical School at San Antonio,San Antonio
United States of America,TX,University of Texas Rio Grande Valley School of Medicine,Brownsville
United States of America,TX,University of Texas Southwestern Medical School,Dallas
United States of America,TX,University of the Incarnate Word School of Osteopathic Medicine,San Antonio
United States of America,OH,University of Toledo College of Medicine,Toledo
United States of America,UT,University of Utah School of Medicine,Salt Lake City
United States of America,VT,University of Vermont Larner College of Medicine,Burlington
United States of America,VA,University of Virginia School of Medicine,Charlottesville
United States of America,WA,University of Washington School of Medicine,Seattle
United States of America,WI,University of Wisconsin School of Medicine and Public Health,Madison
United States of America,FL,USF Health Morsani College of Medicine,Tampa
United States of America,TN,Vanderbilt University School of Medicine,Nashville
United States of America,VA,Virginia Commonwealth University School of Medicine,Richmond
United States of America,VA,Virginia Tech Carilion School of Medicine,Roanoke
United States of America,NC,Wake Forest University School of Medicine,Winston-Salem
United States of America,RI,Warren Alpert Medical School of Brown University,Providence
United States of America,MO,Washington University School of Medicine in St. Louis,St. Louis
United States of America,MI,Wayne State University School of Medicine,Detroit
United States of America,NY,Weill Cornell Medical College,New York
United States of America,WV,West Virginia School of Osteopathic Medicine,Lewisburg
United States of America,WV,West Virginia University School of Medicine,Morgantown
United States of America,MI,Western Michigan University Homer Stryker M.D. School of Medicine,Kalamazoo
United States of America,CA,Western University of Health Sciences College of Osteopathic Medicine of the Pacific,Pomona
United States of America,OR,"Western University of Health Sciences College of Osteopathic Medicine, Pacific-Northwest",Lebanon
United States of America,MS,William Carey University College of Osteopathic Medicine,Hattiesburg
United States of America,OH,Wright State University Boonshoft School of Medicine,Dayton
United States of America,CT,Yale School of Medicine,New Haven
Canada,AB,Cumming School of Medicine University of Calgary,Calgary
Canada,NS,Dalhousie University Faculty of Medicine,Halifax
Canada,MB,Max Rady College of Medicine University of Manitoba,Winnipeg
Canada,QC,McGill University Faculty of Medicine and Health Sciences,Montreal
Canada,NL,Memorial University of Newfoundland Faculty of Medicine,St. John's
Canada,ON,Michael G. DeGroote School of Medicine McMaster University,Hamilton
Canada,ON,Northern Ontario School of Medicine University,Sudbury
Canada,ON,Queen's University Faculty of Health Sciences,Kingston
Canada,ON,Schulich School of Medicine and Dentistry Western University,London
Canada,AB,University of Alberta Faculty of Medicine and Dentistry,Edmonton
Canada,BC,University of British Columbia Faculty of Medicine,Vancouver
Canada,ON,University of Ottawa Faculty of Medicine,Ottawa
Canada,SK,University of Saskatchewan College of Medicine,Saskatoon
Canada,ON,University of Toronto Temerty Faculty of Medicine,Toronto
Canada,QC,Université de Montréal Faculté de Médecine,Montreal
Canada,QC,Université de Sherbrooke Faculté de Médecine et des Sciences de la Santé,Sherbrooke
Canada,QC,Université Laval Faculté de Médecine,Québec

